name,eid,type,status,total-urls,urls/s,bytes-rd,bytes-wr,total-buffers,total-rebuffers,total-wait-time,video-format-bitrate,audio-format-bitrate,frame-rate,video-quality,tx rate,tx-rate-1m,rx rate,rx rate (1m),fb-min,fb-avg,fb-max,uc-min,uc-avg,uc-max,dns-min,dns-avg,dns-max,total-err,bad-proto,bad-url,rslv-p,rslv-h,!conn,timeout,nf (4xx),http-r,http-p,http-t,acc. denied,ftp-host,ftp-stor,ftp-port,write,read,redir,login-denied,other-err,elapsed,rpt timer,time-stamp
sta2000_ftp_l4,1.1.2.262.11,L4/Gen,Run,61,1.0,61.0,0,0,0,0,0,0,0,0X0,0,0,7961757,8062078,62,72.95,101,179,208.606,396,0,0.0,0,0,0,0,0,0,0,0,0,0,0,0,0,0,0,0,0,0,0,0,0,61,5000,1771925106892
sta2001_ftp_l4,1.1.4.263.11,L4/Gen,Run,62,1.0,62.0,0,0,0,0,0,0,0,0X0,0,0,7901738,8042938,106,132.338,191,234,310.258,638,0,0.0,0,0,0,0,0,0,0,0,0,0,0,0,0,0,0,0,0,0,0,0,0,62,5000,1771925108102
sta2002_ftp_l4,1.1.5.264.11,L4/Gen,Run,58,0.9907416897270336,58.0,0,0,0,0,0,0,0,0X0,0,0,7925933,7934264,79,131.637,303,258,332.672,549,0,0.0,0,0,0,0,0,0,0,0,0,0,0,0,0,0,0,0,0,0,0,0,0,58,5000,1771925108584
sta2003_ftp_l4,1.1.6.265.11,L4/Gen,Run,59,0.994890646341669,59.0,0,0,0,0,0,0,0,0X0,0,0,7959125,8019269,60,81.288,232,176,209.457,399,0,0.0,0,0,0,0,0,0,0,0,0,0,0,0,0,0,0,0,0,0,0,0,0,59,5000,1771925105050
sta2004_ftp_l4,1.1.7.266.11,L4/Gen,Run,59,0.9875468666309588,59.0,0,0,0,0,0,0,0,0X0,0,0,7900374,7943801,60,85.694,284,172,212.745,398,0,0.0,0,0,0,0,0,0,0,0,0,0,0,0,0,0,0,0,0,0,0,0,0,59,5000,1771925105672
