name,eid,type,status,total-urls,urls/s,bytes-rd,bytes-wr,total-buffers,total-rebuffers,total-wait-time,video-format-bitrate,audio-format-bitrate,frame-rate,video-quality,tx rate,tx-rate-1m,rx rate,rx rate (1m),fb-min,fb-avg,fb-max,uc-min,uc-avg,uc-max,dns-min,dns-avg,dns-max,total-err,bad-proto,bad-url,rslv-p,rslv-h,!conn,timeout,nf (4xx),http-r,http-p,http-t,acc. denied,ftp-host,ftp-stor,ftp-port,write,read,redir,login-denied,other-err,elapsed,rpt timer,time-stamp
sta0000_ftp_l4,1.1.15.295.11,L4/Gen,Run,56,0.9928021841648051,112.0,0,0,0,0,0,0,0,0X0,0,0,15884834,15944893,43,117.839,297,102,250.767,505,0,0.0,0,0,0,0,0,0,0,0,0,0,0,0,0,0,0,0,0,0,0,0,0,56,5000,1771995789314
sta0001_ftp_l4,1.1.16.296.11,L4/Gen,Run,56,0.9893818130421724,112.0,0,0,0,0,0,0,0,0X0,0,0,15830109,15943038,66,137.535,359,123,281.464,671,0,0.0,0,0,0,0,0,0,0,0,0,0,0,0,0,0,0,0,0,0,0,0,0,56,5000,1771995790263
sta0002_ftp_l4,1.1.17.297.11,L4/Gen,Run,57,0.993516000836645,114.0,0,0,0,0,0,0,0,0X0,0,0,15896256,15919604,65,137.438,354,128,265.21,637,0,0.0,0,0,0,0,0,0,0,0,0,0,0,0,0,0,0,0,0,0,0,0,0,57,5000,1771995790880
sta0003_ftp_l4,1.1.18.298.11,L4/Gen,Run,57,0.9934640522875817,114.0,0,0,0,0,0,0,0,0X0,0,0,15895424,16025767,63,138.912,477,117,255.526,624,0,0.0,0,0,0,0,0,0,0,0,0,0,0,0,0,0,0,0,0,0,0,0,0,57,5000,1771995791338
