name,eid,type,status,total-urls,urls/s,bytes-rd,bytes-wr,total-buffers,total-rebuffers,total-wait-time,video-format-bitrate,audio-format-bitrate,frame-rate,video-quality,tx rate,tx-rate-1m,rx rate,rx rate (1m),fb-min,fb-avg,fb-max,uc-min,uc-avg,uc-max,dns-min,dns-avg,dns-max,total-err,bad-proto,bad-url,rslv-p,rslv-h,!conn,timeout,nf (4xx),http-r,http-p,http-t,acc. denied,ftp-host,ftp-stor,ftp-port,write,read,redir,login-denied,other-err,elapsed,rpt timer,time-stamp
sta0000_ftp_l4,1.1.15.311.11,L4/Gen,Run,55,0.980794265028443,110.0145,0,0,0,0,0,0,0,0X0,0,0,15694773,15749635,41,93.642,317,93,200.345,580,0,0.0,0,0,0,0,0,0,0,0,0,0,0,0,0,0,0,0,0,0,0,0,0,56,5000,1771997120236
sta0001_ftp_l4,1.1.16.312.11,L4/Gen,Run,56,0.9953078344945258,112.0,0,0,0,0,0,0,0,0X0,0,0,15924925,16035570,39,98.875,284,93,205.089,529,0,0.0,0,0,0,0,0,0,0,0,0,0,0,0,0,0,0,0,0,0,0,0,0,56,5000,1771997120739
sta0002_ftp_l4,1.1.17.313.11,L4/Gen,Run,57,0.9897207945547993,114.0,0,0,0,0,0,0,0,0X0,0,0,15835532,15842133,60,112.894,393,115,216.578,625,0,0.0,0,0,0,0,0,0,0,0,0,0,0,0,0,0,0,0,0,0,0,0,0,57,5000,1771997121168
sta0003_ftp_l4,1.1.18.314.11,L4/Gen,Run,57,0.9865858935525746,114.0,0,0,0,0,0,0,0,0X0,0,0,15785374,15871078,67,119.771,394,121,224.842,655,0,0.0,0,0,0,0,0,0,0,0,0,0,0,0,0,0,0,0,0,0,0,0,0,57,5000,1771997121784
